role,content
user,Hi there
assistant,Hello! How can I assist you today?
user,Hi there
assistant,Hello! How can I assist you today?
user,How are you
assistant,"I'm here and ready to help with any questions you have about products, orders, or policies. Please let me know how I can assist you today."
user,Hi there
assistant,Hello! How can I assist you today?
user,Help with order i
assistant,Could you please provide your order ID in the following format: XXX-XXXXXXX (all digits)?
user,Hi there
assistant,Hello! How can I assist you today?
user,Help with order i
assistant,Could you please provide your order ID in the following format: XXX-XXXXXXX (all digits)?
user,33033
assistant,The order ID should be in the format XXX-XXXXXXX. Please provide a valid order ID.
user,Hi there
assistant,Hello! How can I assist you today?
user,Help with order i
assistant,Could you please provide your order ID in the following format: XXX-XXXXXXX (all digits)?
user,33-333
assistant,The order ID should be in the format XXX-XXXXXXX. Please provide a valid order ID.
user,Hi there
assistant,Hello! How can I assist you today?
user,Help with order i
assistant,Could you please provide your order ID in the following format: XXX-XXXXXXX (all digits)?
user,333-3333333
assistant,"Sorry, I couldn't find an order with that ID."
user,Hi there
assistant,Hello! How can I assist you today?
user,Help with order i
assistant,Could you please provide your order ID in the following format: XXX-XXXXXXX (all digits)?
user,333-3333333
assistant,"Sorry, I couldn't find an order with that ID."
user,Call a person then
assistant,I understand your request for real person interaction. Could you please provide your full name first?
user,Hi there
assistant,Hello! How can I assist you today?
user,Help with order i
assistant,Could you please provide your order ID in the following format: XXX-XXXXXXX (all digits)?
user,333-3333333
assistant,"Sorry, I couldn't find an order with that ID."
user,Call a person then
assistant,I understand your request for real person interaction. Could you please provide your full name first?
user,Sol
assistant,Thank you. Please provide your email address.
